Metric,Value
mAP50,0.995
mAP50-95,0.9608633085390457
Precision,0.9996638210140477
Recall,1.0
